id,unit_id,type,role,related_main_id,prompt,options,correct_index,image,audio,explanation
1,1,true_false,preview,2,Emotional intelligence involves managing emotions.,,true,cards/card_1.png,,
2,1,multiple_choice,main,,What does emotional intelligence involve?,Managing emotions|Memorizing facts|Solving equations,0,,,"EQ means noticing, understanding, and managing emotions — in yourself and in other people."
3,1,true_false,exercise,2,Emotional intelligence includes understanding other people's emotions.,,true,,,
4,1,select_blank,exercise,2,"EQ involves noticing, understanding, and ___ emotions.",managing|ignoring|hiding,0,,,
5,1,multiple_choice,exercise,2,Whose emotions does EQ cover?,Both|Just yours|Just others,0,,,
6,2,multiple_choice,preview,7,Which is one of the four EQ domains?,Self-awareness|Time management|Shoe size,0,cards/card_6.png,,"Self-awareness is one of the core domains because it involves understanding your own emotions and strengths. Time management is a practical skill you can learn, but it isn't considered a primary EQ domain."
7,2,multi_select,main,,Pick the four EQ domains.,Self-awareness|Self-management|Social awareness|Relationship mgmt|Time management,0|1|2|3,,,"""Time management"" is a useful skill but not one of Goleman's four EQ domains."
8,2,true_false,exercise,7,Multitasking is one of the four EQ domains.,,false,,,"Multitasking is actually inefficient and stressful for the brain; it’s not recognized as an emotional intelligence domain. The four domains focus on understanding and managing emotions, not task switching."
9,2,select_blank,exercise,7,There are ___ EQ domains in total.,four|two|ten,0,,,There are four key EQ domains that help us understand how we interact with ourselves and others. These domains provide a framework for emotional growth.
10,2,multiple_choice,exercise,7,Which domain covers handling relationships?,Relationship mgmt|Self-awareness|Neither,0,,,"Relationship management is the domain specifically dedicated to handling interactions, empathy, and building rapport with other people. Self-awareness focuses inward on understanding yourself."
11,3,true_false,preview,12,"EQ tends to predict teamwork, not raw IQ.",,true,cards/card_11.png,,
12,3,select_blank,main,,___ predicts teamwork; IQ predicts problem-solving.,EQ|IQ|GPA|EI,0,,,IQ predicts raw problem-solving ability; EQ predicts how well you work with others and handle pressure.
13,3,true_false,exercise,12,IQ and EQ predict the exact same outcomes.,,false,,,"They tend to predict different kinds of success, not the same thing."
14,3,select_blank,exercise,12,IQ tends to predict raw ___ ability.,problem-solving|kindness|patience,0,,,"IQ measures your cognitive capacity, which directly relates to how well you can solve problems or learn new things. Kindness and patience are character traits that fall under emotional intelligence."
15,3,multiple_choice,exercise,12,What does EQ help with under pressure?,Handles well|Avoids always|Ignores it,0,,,"Emotional intelligence helps you manage your feelings and react thoughtfully when stress hits, allowing you to handle difficult situations effectively. Avoiding or ignoring problems isn't a sustainable solution."
16,4,true_false,preview,17,Strong emotion can briefly override clear thinking.,,true,cards/card_16.png,,"That's right; intense feelings like anger or panic can temporarily hijack your rational thought processes, making it hard to think clearly."
17,4,multiple_choice,main,,What can a strong emotion briefly override?,Clear thinking|Your memory|Your vision,0,,,"Because judgment gets clouded in the moment, a heated moment is rarely the best time to make a big decision."
18,4,true_false,exercise,17,A heated moment is the best time to decide.,,false,,,"Strong emotion clouds judgment, so decisions made in the heat of the moment are often worse."
19,4,select_blank,exercise,17,A strong emotion can briefly ___ your thinking.,override|sharpen|clarify,0,,,"Strong emotions have the power to temporarily take control of your rational thought process, effectively overriding clear judgment. They don't sharpen or clarify thinking; they disrupt it."
20,4,multiple_choice,exercise,17,What is safer to avoid during a heated moment?,Big decisions|Small talk|Reading,0,,,"When emotions are running high, your judgment is compromised, so it's safest to pause and avoid making any major commitments or decisions. Small talk and reading aren't emotionally charged enough to derail you."
21,5,true_false,preview,22,EQ is a skill you can train.,,true,cards/card_21.png,,Emotional intelligence isn't something you're born with; it's a set of skills that can absolutely be developed through conscious effort and practice.
22,5,select_blank,main,,"EQ is a ___ skill, not a fixed trait.",trainable|useless|rare|random,0,,,"EQ is a skill you build with practice, like any other skill — not something fixed at birth."
23,5,select_blank,exercise,22,EQ improves with regular ___.,practice|luck|genetics,0,,,"Like any skill, emotional intelligence improves by actively practicing self-awareness and managing your emotions over time. Luck or genetics might play a role, but consistent practice is the key driver for improvement."
24,5,multiple_choice,exercise,22,What is EQ most like?,Trainable skill|Fixed trait|Test score,0,,,"EQ is best viewed as a trainable skill because it involves learning how to recognize and manage feelings, rather than being an inherent trait or a single score on a test."
25,5,true_false,exercise,22,Someone can genuinely improve their EQ over time.,,true,,,"Yes, the core concept of emotional intelligence is that it can be improved with effort. It's not static; continuous self-reflection makes a real difference."
26,6,true_false,preview,27,Naming a feeling precisely makes it easier to handle.,,true,cards/card_26.png,,
27,6,multiple_choice,main,,Why name an emotion precisely instead of vaguely?,Easier handling|Sounds smart|Takes longer,0,,,"For example, swap a vague word like ""bad"" for the precise feeling underneath, like disappointed or overwhelmed."
28,6,true_false,exercise,27,"""Bad"" is a precise emotional label.",,false,,,"It is vague; a precise label names the specific feeling, like disappointed or anxious."
29,6,select_blank,exercise,27,Naming an emotion precisely makes it easier to ___.,handle|ignore|hide,0,,,
30,6,multiple_choice,exercise,27,"Give a more precise word than ""bad.""",Disappointed|Fine|Okay,0,,,
31,7,true_false,preview,32,Your body can signal an emotion first.,,true,cards/card_31.png,,
32,7,multiple_choice,main,,What can signal an emotion before you name it?,Your body|Your calendar|Your inbox,0,,,"Your body often signals first — a tight chest, a clenched jaw — before your conscious mind names the feeling."
33,7,true_false,exercise,32,A tight chest can signal an emotion.,,true,,,
34,7,select_blank,exercise,32,Physical signals can come ___ you notice the feeling.,before|after only|never before,0,,,
35,7,multiple_choice,exercise,32,Give an example physical signal.,Clenched jaw|Calendar alert|An email,0,,,
36,8,true_false,preview,37,A trigger reliably sets off the same strong reaction.,,true,cards/card_36.png,,
37,8,multiple_choice,main,,What is a trigger?,Reliable setoff|Random mood|Weekly meeting,0,cards/card_37.png,,Spotting the pattern is the first step to managing a trigger.
38,8,true_false,exercise,37,Spotting a trigger's pattern is the first step.,,true,,,
39,8,select_blank,exercise,37,A trigger reliably sets off a strong ___.,reaction|meeting|calendar,0,,,
40,8,multiple_choice,exercise,37,What makes something a trigger rather than a mood?,Repeats reliably|Is random|Never happens,0,,,
41,9,true_false,preview,42,A blind spot is a weakness you cannot see.,,true,cards/card_41.png,,
42,9,multiple_choice,main,,What is a blind spot?,Unseen weakness|Known strength|Random guess,0,,,"A blind spot is a weakness you genuinely can't see in yourself — which is exactly why honest outside feedback matters, since it reveals gaps you'd otherwise miss."
43,9,true_false,exercise,42,Outside feedback can reveal a blind spot.,,true,,,
44,9,select_blank,exercise,42,A blind spot is a weakness you cannot ___.,see|fix instantly|avoid,0,,,
45,9,multiple_choice,exercise,42,Why does outside feedback matter here?,Reveals gaps|Speeds work|Saves money,0,,,
46,10,true_false,preview,47,Journaling regularly helps you notice patterns.,,true,cards/card_46.png,,"Writing consistently builds a cumulative record of your thoughts and experiences, making it much easier to spot recurring themes or behavioral patterns over time."
47,10,multiple_choice,main,,What does regular journaling help you notice?,Patterns|Your schedule|Your inbox,0,,,Writing regularly about your feelings and reactions helps you notice patterns you'd otherwise miss in the moment.
48,10,true_false,exercise,47,Journaling can reveal patterns missed in the moment.,,true,,,"When you write things down later, you gain distance from the event, allowing you to analyze entries and connect dots that felt confusing while they were happening."
49,10,select_blank,exercise,47,Journaling works best when done ___.,regularly|once ever|randomly,0,,,Consistency is crucial because journaling builds a cumulative record; sporadic entries won't provide enough data to track patterns or changes effectively.
50,10,multiple_choice,exercise,47,What does journaling record?,"Feelings, reactions|Meeting notes|Code snippets",0,,,"Journaling is fundamentally a tool for self-reflection, so it focuses on documenting your personal feelings and how you reacted to events, rather than professional notes or code."
51,11,true_false,preview,52,Pausing before reacting gives you a choice.,,true,cards/card_51.png,,"That's right; pausing creates space between the stimulus and your action, giving you the power to choose how you respond."
52,11,multiple_choice,main,,What does pausing before you react give you?,A choice|More triggers|Faster reactions,0,,,"Pausing gives you the crucial mental space needed to think through a situation and select a thoughtful response, rather than just reacting automatically."
53,11,true_false,exercise,52,A real gap exists between trigger and reaction.,,true,,,Absolutely. This gap is where your free will comes in; it's the moment you can choose whether or not to react instantly.
54,11,select_blank,exercise,52,Pausing lets you ___ your response.,choose|skip|hide,0,,,"Pausing gives you control, allowing you to deliberately select a measured and thoughtful reply instead of letting instinct take over."
55,11,multiple_choice,exercise,52,What happens without a pause before reacting?,Just reacting|Better choices|Nothing changes,0,,,"Without that pause, your response is automatic and unfiltered; you are simply reacting based on immediate emotion rather than making a choice."
56,12,true_false,preview,57,Reframing looks for a more accurate view.,,true,cards/card_56.png,,"That's right; reframing isn't about forcing yourself to feel better, but rather finding a perspective that is genuinely more accurate than the initial thought."
57,12,multiple_choice,main,,What does reframing look for?,Truer view|Fake view|No view,0,,,"Reframing means finding a more accurate, less catastrophic way to see a situation — it's not denial, and not pretending everything is fine."
58,12,true_false,exercise,57,Reframing means pretending everything is fine.,,false,,,"It means finding a more accurate view, not denying the problem exists."
59,12,select_blank,exercise,57,Reframing looks for a less ___ view.,catastrophic|honest|realistic,0,,,"We aim to move away from worst-case scenarios, so reframing helps you find a view that minimizes the dramatic and exaggerated aspects of your initial thought."
60,12,multiple_choice,exercise,57,What is reframing not the same as?,Denial|Honesty|Accuracy,0,,,"Reframing requires finding a more accurate view, which is very different from denial; denial simply involves refusing to acknowledge reality."
61,13,true_false,preview,62,Well-managed anger is expressed calmly.,,true,cards/card_61.png,,Well-managing anger means channeling your feelings so they are communicated clearly without becoming aggressive or volatile; calmness is the foundation of that process.
62,13,multiple_choice,main,,How should managed anger be expressed?,"Clearly, calmly|Explosively|Bottled up",0,,,Bottling anger up doesn't make it disappear — it tends to leak out somewhere else later.
63,13,true_false,exercise,62,Bottled-up anger can leak out elsewhere later.,,true,,,"If you constantly suppress strong emotions, they don't disappear; instead, they often find a way to leak out later by displacing onto other people or situations."
64,13,select_blank,exercise,62,"The goal is to express anger, not ___ it.",suppress|feel|notice,0,,,"The goal is learning how to communicate your feelings effectively rather than trying to bottle them up, which is what suppression means."
65,13,multiple_choice,exercise,62,What is the alternative to constructive anger?,Exploding|Staying calm|Talking out,0,,,"Constructive anger involves communicating your needs respectfully; exploding represents an immediate, aggressive reaction that damages relationships and solves nothing."
66,14,multiple_choice,preview,67,Pick a way to calm anxiety fast.,Slow breathing|Fast talking|Skipping meals,0,cards/card_66.png,,"Focusing on deep, slow breaths immediately signals to your nervous system that you are safe, which is much more effective than trying to distract yourself with fast talking."
67,14,multiple_choice,main,,Give a technique for in-the-moment anxiety.,Slow breathing|Fast talking|Skipping meals,0,,,Grounding your senses is another technique that can steady you quickly when anxiety spikes.
68,14,true_false,exercise,67,Grounding your senses can help steady anxiety.,,true,,,Grounding involves focusing on your five senses to pull your mind out of anxious thoughts and anchor you back into the physical present moment.
69,14,select_blank,exercise,67,Slow ___ can steady a spike of anxiety.,breathing|typing|walking,0,,,"Slow, deep breathing directly signals to your nervous system that you are safe, which physically lowers your heart rate and calms the panic response."
70,14,multiple_choice,exercise,67,When are anxiety-calming techniques meant to help?,Right now|Next year|Never,0,,,"These techniques are designed for immediate use when anxiety is spiking or building up, helping you manage it in real-time rather than just preparing for the future."
71,15,true_false,preview,72,Resilience means recovering faster from setbacks.,,true,cards/card_71.png,,"Resilience isn't about never facing setbacks, but rather having the internal ability to adapt and bounce back effectively after difficult experiences."
72,15,multiple_choice,main,,What does resilience help you do?,Recover faster|Feel nothing|Avoid setbacks,0,,,Resilience helps you bounce back and recover more quickly after facing difficulties.
73,15,true_false,exercise,72,A resilient person feels no pain from a setback.,,false,,,"Resilience is about recovering faster, not feeling nothing at all."
74,15,select_blank,exercise,72,"Resilience is about recovery, not ___ pain.",avoiding|feeling|admitting,0,,,"Resilience teaches you how to manage your emotions, not just avoid or admit to feeling pain."
75,15,multiple_choice,exercise,72,What can resilience improve over time?,Recovery speed|Setback count|Nothing,0,,,The goal of building resilience is to improve your ability to bounce back and recover faster from setbacks over time.
76,16,true_false,preview,77,Delaying gratification means choosing a later reward.,,true,cards/card_76.png,,It means choosing something less appealing right now because you know it will lead to a better outcome later on.
77,16,multiple_choice,main,,What does delaying gratification choose?,"Better, later|Easier, now|Neither option",0,,,Delaying gratification — choosing a better outcome later over an easier reward now — is a core piece of self-regulation.
78,16,true_false,exercise,77,Delaying gratification is part of self-regulation.,,true,,,Delaying gratification is a key skill in self-regulation because it requires controlling your immediate impulses for a future benefit.
79,16,select_blank,exercise,77,Delaying gratification picks a ___ outcome.,better|worse|same,0,,,"Delaying gratification means choosing a better outcome in the long run instead of accepting an immediate, less valuable reward."
80,16,multiple_choice,exercise,77,What is the tradeoff in delaying gratification?,"Now, later|Left, right|Loud, quiet",0,,,"The tradeoff involves balancing immediate pleasure (now) against a larger, more satisfying reward that requires patience and waiting (later)."
81,17,select_blank,preview,82,Intrinsic motivation comes from ___ desire.,internal|external|nothing,0,cards/card_81.png,,"Intrinsic motivation comes from a genuine, internal desire or interest in an activity itself, not because of any reward coming from outside."
82,17,select_blank,main,,Intrinsic motivation is ___; extrinsic is external.,internal|external|social|financial,0,,,"Because intrinsic means originating within, this type of motivation is driven by an internal source, whereas extrinsic motivation is always tied to something external."
83,17,true_false,exercise,82,Intrinsic motivation comes from an outside reward.,,false,,,"Intrinsic motivation comes from internal satisfaction, not external rewards. If the reward is outside of you, it's considered extrinsic."
84,17,select_blank,exercise,82,"___ motivation comes from wanting to, itself.",Intrinsic|Extrinsic|Neither,0,,,"Intrinsic means coming from within; therefore, intrinsic motivation stems from wanting to do something for its own sake. Extrinsic motivation always involves an outside incentive."
85,17,multiple_choice,exercise,82,Give an example of extrinsic motivation.,A bonus|Curiosity|Personal joy,0,,,"A bonus is a tangible reward given by an external source (like an employer), making it extrinsic. Curiosity and personal joy are internal feelings."
86,18,true_false,preview,87,A goal sticks best when it feels personal.,,true,cards/card_86.png,,"When you connect a goal to your own values or identity, the motivation is much stronger and more sustainable than if it feels imposed on you."
87,18,multiple_choice,main,,What makes a goal stick best?,Personal meaning|Random number|Peer pressure,0,,,Goals that align with your personal meaning are far more likely to stick because they tap into your core values. Peer pressure or random numbers have no emotional connection.
88,18,true_false,exercise,87,A meaningful goal connects to something you care about.,,true,,,"If a goal connects to something you genuinely care about, it taps into intrinsic motivation, making the effort feel meaningful rather than like an external chore."
89,18,select_blank,exercise,87,A goal sticks best with real personal ___.,meaning|numbers|pressure,0,,,"Goals rooted in personal meaning provide internal drive, which is far more sustainable and powerful than relying on external pressures or just chasing metrics."
90,18,multiple_choice,exercise,87,What is a weak source for a goal?,Someone's number|Own values|Real interest,0,,,Basing goals only on what others expect or measure for you creates unsustainable pressure; true motivation comes from your own values and interests.
91,19,true_false,preview,92,"Useful optimism focuses on moving forward, not denial.",,true,cards/card_91.png,,"Useful optimism means acknowledging reality while still focusing energy on constructive action, which is different from simply ignoring difficult truths (denial)."
92,19,multiple_choice,main,,What does useful optimism focus on?,Moving forward|Denying it|Blaming others,0,,,"The focus of useful optimism is maintaining a positive outlook that directs your energy toward solutions and progress, rather than dwelling on blame or denial."
93,19,true_false,exercise,92,Optimism means ignoring that a setback happened.,,false,,,"It means explaining it in a way that keeps you moving, not denying it."
94,19,select_blank,exercise,92,How you ___ a setback shapes what comes next.,explain|delete|hide,0,,,
95,19,multiple_choice,exercise,92,What does useful optimism avoid?,Denial|Honesty|Moving forward,0,,,
96,20,true_false,preview,97,Follow-through means keeping a promise to yourself.,,true,cards/card_96.png,,
97,20,multiple_choice,main,,What does follow-through require?,Kept promise|Instant results|Peer pressure,0,,,"Follow-through means keeping a promise to yourself, even after the initial burst of motivation has faded."
98,20,true_false,exercise,97,Motivation never fades before a goal is done.,,false,,,
99,20,select_blank,exercise,97,Follow-through continues after motivation ___.,fades|arrives|doubles,0,,,
100,20,multiple_choice,exercise,97,Who is the promise made to in follow-through?,Yourself|A stranger|No one,0,,,"The commitment to follow through is fundamentally a promise you make to your future self; if you don't honor it, you undermine your own goals."
101,21,select_blank,preview,102,"___ empathy means understanding, not feeling, an emotion.",Cognitive|Emotional|Social,0,cards/card_101.png,,Cognitive empathy is the intellectual ability to understand another person's feelings from their perspective without needing to experience them yourself.
102,21,select_blank,main,,___ empathy understands; emotional empathy feels it too.,Cognitive|Emotional|Social|Basic,0,,,"If you are simply understanding someone else’s emotions intellectually, that is cognitive empathy; if you feel those emotions alongside them, it is emotional empathy."
103,21,true_false,exercise,102,"Cognitive empathy means understanding, not necessarily feeling.",,true,,,That's correct; cognitive empathy requires perspective-taking—knowing what someone else feels—but you don't have to feel those emotions yourself.
104,21,select_blank,exercise,102,___ empathy means understanding the feeling only.,Cognitive|Emotional|Neither,0,,,Cognitive empathy means you intellectually understand how someone feels without having to experience those emotions yourself; emotional empathy requires actually feeling what they feel.
105,21,multiple_choice,exercise,102,What differs between cognitive and emotional empathy?,"Feeling, knowing|Speed|Volume",0,,,"The difference is that emotional empathy involves genuinely *feeling* the emotion, while cognitive empathy focuses on *knowing* or understanding it from an intellectual standpoint."
106,22,true_false,preview,107,Active listening means listening to understand.,,true,cards/card_106.png,,That's correct; active listening means fully concentrating on and trying to grasp the speaker's perspective rather than just waiting for your turn to talk.
107,22,multiple_choice,main,,What is the goal of active listening?,Understanding|Winning|Interrupting,0,,,Active listening means listening to actually understand someone — not just waiting for your turn to reply.
108,22,true_false,exercise,107,Waiting for your turn to talk is active listening.,,false,,,"That is passive waiting, not active listening, which focuses on understanding."
109,22,select_blank,exercise,107,Active listening focuses on ___ the speaker.,understanding|correcting|timing,0,,,"Active listening is fundamentally about understanding the message, so you should focus entirely on comprehension rather than planning a correction or judging the timing of their words."
110,22,multiple_choice,exercise,107,What does active listening avoid?,Just waiting|Eye contact|Nodding,0,,,The biggest pitfall active listening avoids is just waiting for your turn to speak; true listening requires full mental engagement and presence.
111,23,true_false,preview,112,Posture is an example of a nonverbal cue.,,true,cards/card_111.png,,"Nonverbal cues are any signals sent without words, and how you hold your body—your posture—is a clear example of that physical communication."
112,23,multiple_choice,main,,Give an example of a nonverbal cue.,Posture|A memo|A spreadsheet,0,,,"Tone, posture, and facial expression often say more than the actual words someone is using."
113,23,true_false,exercise,112,Tone can carry more meaning than the words alone.,,true,,,"Absolutely; your tone dictates the emotional context of what you say, so 'That's great' can mean praise or sarcasm depending entirely on how it sounds."
114,23,select_blank,exercise,112,Facial expression is a ___ cue.,nonverbal|written|numeric,0,,,"Since facial expressions communicate emotion without using spoken or written language, they fall under the category of nonverbal communication cues."
115,23,multiple_choice,exercise,112,What can nonverbal cues reveal?,Unspoken feelings|File names|Exact wording,0,,,"Nonverbal signals often leak emotional truth, revealing underlying feelings or attitudes that the person might not be consciously saying out loud. They don't reveal file names or change the exact words spoken."
116,24,true_false,preview,117,Perspective-taking means trying on someone else's view.,,true,cards/card_116.png,,That's right; it means mentally putting yourself in another person's shoes to understand their point of view. It requires more than just hearing them speak—you are trying to feel what they feel.
117,24,multiple_choice,main,,What does perspective-taking try to do?,Their view|Ignore them|Score point,0,cards/card_117.png,,Perspective-taking means genuinely trying on someone else's point of view — not just imagining how you'd feel in their shoes.
118,24,true_false,exercise,117,Perspective-taking is just imagining yourself in their shoes.,,false,,,"It genuinely tries to see their actual point of view, not your own reaction to it."
119,24,select_blank,exercise,117,Perspective-taking means trying on someone else's ___.,viewpoint|schedule|paycheck,0,,,"Perspective-taking is about adopting someone else's viewpoint or way of seeing things, not simply knowing their schedule or financial status."
120,24,multiple_choice,exercise,117,What is a weak version of perspective-taking?,Own view|Curiosity|Listening,0,,,Only considering your own view means you are defaulting to your assumptions and aren't actively trying to understand the other person’s reality. True perspective-taking requires setting aside what you already believe.
121,25,true_false,preview,122,Constant empathy can lead to fatigue.,,true,cards/card_121.png,,"Yes, constantly absorbing other people’s emotions without boundaries is draining and can lead to emotional exhaustion or burnout. It's important to manage that energy."
122,25,multiple_choice,main,,What can constant empathy lead to?,Fatigue|More energy|No effect,0,cards/card_122.png,,"Constant empathy can wear you out over time, so protecting your own emotional space keeps empathy sustainable."
123,25,true_false,exercise,122,Protecting emotional space helps empathy stay sustainable.,,true,,,Exactly; setting healthy boundaries is crucial because it allows you to care for others deeply without sacrificing your own mental and emotional well-being.
124,25,select_blank,exercise,122,Empathy fatigue builds up over ___.,time|one day|nothing,0,,,Empathy fatigue isn't something that happens suddenly; it accumulates gradually as you continue to care for others over an extended period of time.
125,25,multiple_choice,exercise,122,What can protect against empathy fatigue?,Personal boundaries|More empathy|Ignoring feelings,0,,,Setting strong personal boundaries is crucial because it allows you to care for others without sacrificing your own emotional resources. Increasing empathy or ignoring feelings will only worsen burnout.
126,26,true_false,preview,127,Eye contact is a habit that builds rapport.,,true,cards/card_126.png,,"Maintaining appropriate eye contact signals attentiveness and trust, which are foundational elements for building strong rapport with another person."
127,26,multiple_choice,main,,Give an example habit that builds rapport.,Eye contact|Interrupting|Checking phone,0,,,Small habits like remembering names and matching someone's energy can build rapport surprisingly fast.
128,26,true_false,exercise,127,Remembering someone's name can help build rapport.,,true,,,"Using a person's name shows that you are paying attention to them as an individual, which immediately makes them feel seen and helps build connection."
129,26,select_blank,exercise,127,Small habits can build rapport quite ___.,fast|slowly|never,0,,,"While some connections take time, small consistent positive interactions—like remembering details or offering a compliment—can build rapport surprisingly quickly."
130,26,multiple_choice,exercise,127,What does matching energy help with?,Building rapport|Ending fast|Winning debates,0,,,"Matching someone’s energy—whether that means mirroring their pace or tone—shows empathy and makes them feel understood, which is the core of building rapport. It's about connection, not winning a debate."
131,27,true_false,preview,132,Good feedback focuses on specific behavior.,,true,cards/card_131.png,,"Yes, focusing on a concrete action or behavior makes the feedback actionable and less confrontational than vague statements about character flaws."
132,27,multiple_choice,main,,What should feedback focus on?,Specific behavior|Vague vibes|Personality flaws,0,,,"Good feedback is aimed at helping someone improve, not just venting frustration."
133,27,true_false,exercise,132,Good feedback aims to help someone improve.,,true,,,
134,27,select_blank,exercise,132,"Feedback should target behavior, not ___.",personality|effort|impact,0,,,"You need to critique what someone *did*, never who they are; attacking their personality is unhelpful and guarantees defensiveness. Keeping it focused on behavior keeps the conversation constructive."
135,27,multiple_choice,exercise,132,What is feedback not meant to be?,Venting|Specific|Helpful,0,,,"Feedback must be actionable and helpful, so if it's just an uncontrolled release of frustration or 'venting,' it lacks focus and won't lead to any actual improvement."
136,28,true_false,preview,137,Pause before reacting to hard feedback.,,true,cards/card_136.png,,Pausing gives you time to process the feedback rationally instead of reacting immediately out of surprise or defensiveness.
137,28,multiple_choice,main,,What should you do before reacting to criticism?,Pause|Argue back|Interrupt,0,cards/card_137.png,,"Pausing gives you room to genuinely consider whether the criticism is true, instead of reacting defensively."
138,28,true_false,exercise,137,Getting defensive helps you hear feedback clearly.,,false,,,Defensiveness usually blocks you from actually considering the feedback.
139,28,select_blank,exercise,137,Consider whether the criticism is ___.,true|loud|fast,0,,,"The most valuable thing to consider when receiving criticism is its truthfulness, regardless of whether it was delivered loudly or quickly."
140,28,multiple_choice,exercise,137,What blocks hearing criticism clearly?,Defensiveness|Pausing|Curiosity,0,,,Defensiveness causes your brain to shut down objective listening skills because you are focused on protecting yourself. Pausing and curiosity keep you open-minded.
141,29,true_false,preview,142,Personal attacks can turn a disagreement into a fight.,,true,cards/card_141.png,,"When the conversation shifts from discussing actions or ideas to attacking a person's character, it immediately escalates into an emotional fight."
142,29,multiple_choice,main,,What can turn a disagreement into a fight?,Personal attacks|Calm tone|The issue,0,,,Personal attacks are inflammatory because they target identity rather than behavior. This instantly derails the discussion and makes productive problem-solving impossible.
143,29,true_false,exercise,142,Raising your voice helps keep conflict from escalating.,,false,,,"Raising your voice usually escalates tension because it triggers a defensive reaction, making the other person feel attacked rather than heard."
144,29,select_blank,exercise,142,"Stick to the actual ___, not the person.",issue|tone|volume,0,,,Focusing on the specific issue keeps the discussion objective and productive; criticizing the tone or volume just adds unnecessary emotional baggage to the conversation.
145,29,multiple_choice,exercise,142,What should you avoid in a disagreement?,Personal attacks|Calm tone|Clear points,0,,,"Personal attacks immediately shift the focus from the problem at hand to who is right, which derails any chance of a constructive resolution."
146,30,true_false,preview,147,Ethical persuasion relies on honest reasons.,,true,cards/card_146.png,,"Ethical persuasion means presenting truth and logic; if you mislead someone or omit facts, it's manipulation, not genuine persuasion."
147,30,multiple_choice,main,,What does ethical persuasion rely on?,Honest reasons|Manipulation|Pressure tactics,0,,,Ethical persuasion requires presenting truthful arguments so the other person can make their own informed choice; relying on manipulation or pressure is inherently dishonest.
148,30,true_false,exercise,147,Manipulating emotions counts as ethical persuasion.,,false,,,"Manipulation is not ethical persuasion, which relies on honest reasons instead."
149,30,select_blank,exercise,147,Ethical persuasion means genuinely making your ___.,case|demands|threats,0,,,It means building a solid argument or 'case' using facts and logic rather than issuing demands or threats to force agreement.
150,30,multiple_choice,exercise,147,What is the opposite of ethical persuasion?,Manipulation|Honesty|Clear reasons,0,,,"Manipulation involves deceiving people to get what you want, which is the direct opposite of using honest reasoning to persuade someone."
151,31,true_false,preview,152,Reading the room means sensing group mood.,,true,cards/card_151.png,,"That's right; it refers to your ability to gauge the overall atmosphere, emotions, and unspoken dynamics within a group setting."
152,31,multiple_choice,main,,What does reading the room sense?,Group mood|One person|The schedule,0,,,"It's about sensing the general emotional tone and energy of everyone present, not just focusing on one individual or checking the time."
153,31,true_false,exercise,152,Reading the room only means watching the loudest person.,,false,,,"It means sensing the whole group's mood, not just one loud voice."
154,31,select_blank,exercise,152,You are sensing the overall ___ of a group.,mood|schedule|budget,0,,,"When you sense the general feeling or emotional atmosphere in a group, that is specifically called their mood. Schedule and budget are objective details, not feelings."
155,31,multiple_choice,exercise,152,Why look beyond the loudest voice?,Whole room|Save time|Look busy,0,,,"The loudest person might only represent one viewpoint, so you need to listen to everyone in the whole room to get a balanced picture of the group's thoughts."
156,32,true_false,preview,157,"Good leaders manage feelings, not just tasks.",,true,cards/card_156.png,,Effective leadership requires emotional intelligence; addressing the team's morale and feelings often unlocks better performance than simply assigning more work.
157,32,multiple_choice,main,,What do good leaders manage besides tasks?,Team feelings|Only budgets|Only deadlines,0,,,A leader who ignores team feelings usually sees morale suffer for it.
158,32,true_false,exercise,157,Managing team feelings is part of good leadership.,,true,,,"A great leader acts as an emotional regulator for the team; if people feel supported and understood, they are far more productive than if they just feel managed like cogs in a machine."
159,32,select_blank,exercise,157,Good leaders manage feelings as carefully as ___.,tasks|silence|luck,0,,,"Just as important as ensuring deadlines are met and work gets done, good leaders must pay attention to the emotional well-being of their team members."
160,32,multiple_choice,exercise,157,What suffers if a leader ignores team feelings?,Team morale|The calendar|The logo,0,,,"Ignoring how people feel directly damages their enthusiasm and commitment, which is team morale. The calendar or logo are physical items that aren't affected by emotional neglect."
161,33,true_false,preview,162,Noticing a manager's stress early helps timing.,,true,cards/card_161.png,,"Yes, knowing when someone is stressed allows you to schedule important conversations or requests when they are more receptive and less overwhelmed."
162,33,multiple_choice,main,,Why notice a manager's stress early?,Better timing|More stress|Less trust,0,,,"Recognizing signs of stress helps you know the right time to approach them, ensuring your conversation lands at a point where they can actually process it effectively."
163,33,true_false,exercise,162,Noticing pressure early can help you time a request.,,true,,,"Absolutely; if you notice someone is under intense pressure, waiting until they are less swamped will make your request much more likely to be heard and acted upon."
164,33,select_blank,exercise,162,Timing a hard talk well needs good ___.,awareness|luck|volume,0,,,You need high situational awareness to know the right moment to talk; simply having good luck or speaking loudly won't make a difficult conversation effective.
165,33,multiple_choice,exercise,162,What can early awareness of stress help you time?,Hard talk|Coffee order|Parking spot,0,,,"Early stress awareness helps you anticipate and prepare for difficult conversations, like a hard talk, which requires careful emotional management."
166,34,true_false,preview,167,Team emotional climate is the group's shared mood.,,true,cards/card_166.png,,"That's right; team emotional climate is the collective, shared atmosphere or mood that permeates the entire group."
167,34,multiple_choice,main,,What is team emotional climate?,Team mood|Office decor|The salary,0,,,"The shared mood of a team shapes how everyone works, and one anxious or hostile team member can pull that whole climate down."
168,34,true_false,exercise,167,One person's mood has no effect on a team's climate.,,false,,,"No, that’s false. Emotions are highly contagious, so even one person's noticeable mood can significantly shift the overall emotional climate of a team."
169,34,select_blank,exercise,167,Team climate shapes how everyone ___.,works|dresses|parks,0,,,"The shared atmosphere dictates behavior and interaction patterns, meaning it shapes how everyone actually works together."
170,34,multiple_choice,exercise,167,What can pull a climate down?,Hostile member|Calm member|Clear goals,0,,,"A hostile or negative team member introduces tension and conflict, which quickly degrades the emotional climate for everyone else."
171,35,true_false,preview,172,Raise a hard topic clearly and calmly.,,true,cards/card_171.png,,"To handle difficult conversations, remember that your tone and delivery matter just as much as the message itself; approach it with composure."
172,35,multiple_choice,main,,How should a hard topic be raised?,"Clearly, calmly|Angrily|Never",0,,,Staying focused on the specific issue — not the person — keeps a hard conversation from turning into a fight.
173,35,true_false,exercise,172,Avoiding a hard topic usually makes it easier.,,false,,,Avoidance tends to let the issue grow rather than resolve it.
174,35,select_blank,exercise,172,Stay focused on the specific ___.,issue|person|mood,0,,,"When discussing a sensitive topic, keep the conversation focused on the specific issue at hand rather than getting distracted by people's feelings or general moods."
175,35,multiple_choice,exercise,172,What tends to make a hard talk go worse?,Bringing anger|Staying calm|Being clear,0,,,Bringing anger into a hard talk immediately escalates tension and makes productive communication nearly impossible. Staying calm and being clear are much more effective strategies.
176,36,true_false,preview,177,Unmanaged urgency can hijack clear thinking.,,true,cards/card_176.png,,"When we feel rushed or under pressure, our ability to think logically and communicate clearly suffers significantly; pausing helps regain control."
177,36,multiple_choice,main,,What can urgency hijack if unmanaged?,Clear thinking|Your calendar|Your desk,0,,,Staying composed means noticing the urgency without letting it hijack your thinking — not pretending it isn't urgent.
178,36,true_false,exercise,177,Composure means ignoring that a deadline is urgent.,,false,,,It means noticing the urgency without letting it take over your thinking.
179,36,select_blank,exercise,177,Notice urgency without letting it ___ you.,hijack|inform|help,0,,,It's important to simply notice the feeling of urgency without allowing it to take over your thoughts or actions.
180,36,multiple_choice,exercise,177,What is the goal under deadline pressure?,Staying clear|Panicking fast|Ignoring it,0,,,"The goal under pressure isn't to react quickly, but to stay clear-headed and maintain emotional composure. Panicking fast only escalates the situation, so keeping your thoughts organized is key."
181,37,true_false,preview,182,Emotional contagion is one person's mood spreading.,,true,cards/card_181.png,,"This is correct because emotional contagion describes how we unconsciously pick up and mirror the feelings of those around us. It’s like catching a mood, not just an idea."
182,37,multiple_choice,main,,What is emotional contagion?,Mood spreading|Written memo|Meeting agenda,0,,,"A mood, good or bad, can quietly spread through a whole room without anyone saying a word."
183,37,true_false,exercise,182,A mood can spread without anyone speaking.,,true,,,"Yes, moods are often transmitted non-verbally through body language or subtle changes in energy. You don't need words to feel the atmosphere of a room."
184,37,select_blank,exercise,182,A mood can quietly ___ through a room.,spread|disappear|freeze,0,,,"Moods have an almost physical quality, allowing them to subtly diffuse or 'spread' throughout a space even if no one is actively trying to change it."
185,37,multiple_choice,exercise,182,Can a good mood spread through a room too?,Yes|Only bad|Never,0,,,"Yes, positive emotions are highly contagious and can lift the energy of an entire group. This is why shared laughter or success often creates such a noticeable shift in atmosphere."
186,38,true_false,preview,187,The same emotion can look different across cultures.,,true,cards/card_186.png,,"While the core emotions are universal, how we physically express them—our facial expressions and gestures—are heavily influenced by cultural norms."
187,38,multiple_choice,main,,What can differ across cultures?,Expression|The emotion|Nothing,0,,,"The same underlying emotion can look very different across cultures, so read expression with that context in mind, not one universal rulebook."
188,38,true_false,exercise,187,There is one universal rulebook for reading emotion.,,false,,,"Expression varies by culture, so context matters more than one fixed rule."
189,38,select_blank,exercise,187,Read expression with cultural ___ in mind.,context|rules|silence,0,,,"You must consider the entire social context because what is appropriate or understandable depends entirely on the situation, not just isolated rules or silence."
190,38,multiple_choice,exercise,187,What stays the same across cultures?,The emotion|The expression|Nothing,0,,,The fundamental emotion itself—like joy or sadness—is a universal human experience that remains consistent across all cultures. Expressions and behaviors are what change.
191,39,true_false,preview,192,Being nice isn't the same as high EQ.,,true,cards/card_191.png,,"You can be superficially polite and agreeable, but having high Emotional Intelligence requires deeper self-awareness and the ability to manage your own emotions in complex social situations."
192,39,select_blank,main,,Being nice isn't the same as high ___.,EQ|IQ|mood|luck,0,,,"High EQ means handling emotions well, not always being agreeable or unbothered."
193,39,select_blank,exercise,192,Being emotional is not the same as low ___.,EQ|volume|energy,0,,,"High EQ means you are aware of and skilled at managing your emotions; therefore, being highly emotional doesn't automatically mean you have poor self-regulation skills."
194,39,multiple_choice,exercise,192,What is a common EQ myth?,Always nice|Fixed forever|Only extroverts,0,,,Emotional intelligence isn't about being nice all the time; it’s a complex skill that needs practice and can be developed throughout life.
195,39,true_false,exercise,192,A highly emotional person can still have high EQ.,,true,,,"Having strong emotions is normal, but high EQ means you can manage those feelings effectively rather than just experiencing them intensely."
196,40,true_false,preview,197,Track your EQ growth by noticing real progress.,,true,cards/card_196.png,,
197,40,multiple_choice,main,,What should you look for in your own growth?,Real progress|Perfection|Nothing,0,,,Look for real progress in how you handle emotions over time — not perfection.
198,40,true_false,exercise,197,EQ growth means never feeling a difficult emotion again.,,false,,,"Growth is about handling emotions better over time, not eliminating them."
199,40,select_blank,exercise,197,"Track progress ___, not perfection.",over time|once|never,0,,,"Focusing on tracking progress over time helps build momentum and recognize growth, whereas aiming for perfection or only focusing once can be overwhelming or inaccurate."
200,40,multiple_choice,exercise,197,What is a reasonable goal for EQ growth?,Steady improvement|Instant mastery|No change,0,,,"EQ is a skill set that improves gradually with effort; expecting instant mastery is unrealistic, and the goal isn't to maintain no change."
201,1,multiple_choice,exercise,2,The ability to manage emotions is called:,Emotional intelligence|Physical fitness|Time management,0,,,
202,3,multiple_choice,exercise,12,What does EQ predict about working with others?,Teamwork|Conflict|Isolation,0,,,"Because EQ involves understanding emotions and perspectives, it naturally improves your ability to collaborate and work effectively in a team setting. This makes you better at cooperation than managing conflict or staying isolated."
203,5,select_blank,exercise,22,"EQ is a trainable ___, not a fixed trait.",skill|flaw|title,0,,,"EQ is fundamentally a skill set—it involves recognizing and managing emotions—which means you can learn to improve it, unlike a fixed title or flaw."
204,9,multi_select,exercise,42,Which apply to blind spots?,Self-unseen|Feedback reveals|Easily self-seen,0|1,,,"Blind spots are things we genuinely cannot see ourselves (self-unseen), which is why external feedback from others is necessary to reveal them."
205,12,multi_select,exercise,57,Which fit reframing well?,Truer view|Denial|Less catastrophic,0|2,,,Reframing is effective when you are seeking a truer perspective and trying to reduce overly dramatic or worst-case thinking.
206,14,multiple_choice,exercise,67,Name a way to steady an anxiety spike.,Slow breathing|Fast talking|Ignoring it,0,,,Regulating your breath is a powerful way to interrupt the panic cycle; fast talking or ignoring the feeling usually makes anxiety worse.
207,16,multi_select,exercise,77,Which fits delaying gratification?,Better later|Easier now|Self-regulation,0|2,,,Delaying gratification means prioritizing the better outcome later over what is easier right now; this ability relies heavily on self-regulation.
208,20,order,exercise,97,Order the stages of follow-through over time.,Motivation is high|Motivation fades|Follow-through continues,,cards/card_208.png,,"Follow-through typically starts with high motivation, which naturally declines over time. Sustaining follow-through requires conscious effort and discipline even when initial enthusiasm fades."
209,22,multiple_choice,exercise,107,What is active listening's main goal?,Understanding|Speaking loudly|Multitasking,0,,,Active listening isn't about waiting for your turn to talk; its primary purpose is genuinely absorbing and comprehending what the speaker is trying to convey. Speaking loudly or multitasking distracts from this core goal of deep comprehension.
210,26,multi_select,exercise,127,Which build rapport fast?,Eye contact|Remembering names|Checking phone,0|1,,,"Maintaining good eye contact shows genuine attention, and recalling someone's name proves you were actively listening to them. Checking your phone immediately signals distraction and disrespect, killing any chance of rapport."
211,29,multiple_choice,exercise,142,What should you avoid in conflict?,Personal attacks|Calm tone|Active listening,0,,,"Just like with other disagreements, personal attacks are counterproductive because they make the person defensive and unwilling to listen to your point."
212,11,order,exercise,52,Order the steps between a trigger and your reaction.,A trigger happens|You notice a small gap|You choose your response,,cards/card_212.png,,"The process is sequential: first, a trigger happens; then you must notice that small gap in your automatic reaction; only after that awareness can you choose your thoughtful response."
